season,abbr,name,nbaId,id,gp,min,starter,reason
1996-97,GSW,Melvin Booker,511,bookerm,21,20.3,0,no bbref salary row
1996-97,HOU,Sedale Threatt,9,threatts,21,16.0,0,no bbref salary row
1996-97,MIA,John Crotty,180,crottyj,48,13.8,0,no bbref salary row
1996-97,PHI,Adrian Caldwell,154,caldwella,45,12.7,0,no bbref salary row
1996-97,PHI,Clar. Weatherspoon,221,weatherspoonc,82,36.0,1,no bbref salary row
1996-97,SAC,Jeff Grayer,81,grayerj,25,12.7,0,no bbref salary row
1996-97,SAS,Jamie Feick,994,feickj,41,15.2,0,no bbref salary row
1996-97,SEA,Terry Cummings,187,cummingst,45,18.3,0,no bbref salary row
1996-97,TOR,Reggie Slater,1073,slaterr,26,15.6,0,no bbref salary row
1997-98,CHH,Vernon Maxwell,137,maxwellv2,42,15.1,0,no bbref salary row
1997-98,DAL,Eric Riley,35,rileye,39,13.9,0,no bbref salary row
1997-98,DEN,Harold Ellis,1677,ellish,27,12.7,0,no bbref salary row
1997-98,GSW,Clar. Weatherspoon,221,weatherspoonc2,79,29.4,1,no bbref salary row
1997-98,GSW,Gerald Madkins,1666,madkinsg,19,12.8,0,no bbref salary row
1997-98,LAC,Ike Austin,1134,austini2,78,29.2,1,no bbref salary row
1997-98,SAC,Lawrence Funderburke,1444,funderburkel,52,21.1,0,no bbref salary row
1997-98,SAC,Mark Hendrickson,971,hendricksonm,48,15.3,0,no bbref salary row
1997-98,TOR,Oliver Miller,932,millero2,64,25.4,1,no bbref salary row
1997-98,WAS,Ledell Eackles,289,eacklesl,42,13.0,0,no bbref salary row
1998-99,CHH,Eldridge Recasner,695,recasnere3,44,16.1,0,no bbref salary row
1998-99,CHI,Dickey Simpkins,54,simpkinsd,50,29.0,1,no bbref salary row
1998-99,DEN,Cory Alexander,724,alexanderc5,36,21.5,0,no bbref salary row
1998-99,HOU,Matt Maloney,1074,maloneym4,15,12.4,0,no bbref salary row
1998-99,HOU,Othella Harrington,970,harringtono5,41,22.0,0,no bbref salary row
1998-99,LAC,Darrick Martin,239,martind4,37,25.5,1,no bbref salary row
1998-99,MIA,Clar. Weatherspoon,221,weatherspoonc3,49,21.2,0,no bbref salary row
1998-99,MIN,Sam Mitchell,417,mitchells3,50,26.9,0,no bbref salary row
1998-99,MIN,Tom Hammonds,67,hammondst3,49,14.6,0,no bbref salary row
1998-99,NYK,Chris Dudley,201,dudleyc3,46,14.9,0,no bbref salary row
1998-99,SAC,Lawrence Funderburke,1444,funderburkel2,47,19.9,0,no bbref salary row
1998-99,SAC,Peja Stojakovic,978,stojakovicp2,48,21.4,0,no bbref salary row
1998-99,SAS,Jaren Jackson,1114,jacksonj5,47,18.3,0,no bbref salary row
1998-99,TOR,Alvin Williams,1541,williamsa3,50,21.0,1,no bbref salary row
1998-99,WAS,Rod Strickland,393,stricklandr3,44,37.1,1,no bbref salary row
1999-00,HOU,Moochie Norris,983,norrism,30,16.7,0,no bbref salary row
1999-00,VAN,Felipe Lopez,1732,lopezf2,65,12.0,0,no bbref salary row
2000-01,CLE,Chucky Brown,359,brownc4,26,13.1,0,no bbref salary row
2000-01,WAS,David Vanterpool,2128,vanterpoold,22,18.6,0,no bbref salary row
2001-02,ATL,Ira Newble,1956,newblei,42,30.3,1,no bbref salary row
2001-02,DEN,Mengke Bateer,2370,bateerm,27,15.1,0,no bbref salary row
2001-02,LAC,Tremaine Fowlkes,1762,fowlkest,22,15.5,0,no bbref salary row
2001-02,MIN,Robert Pack,123,packr5,16,15.9,0,no bbref salary row
2001-02,UTA,Rusty LaRue,1601,laruer2,33,16.4,0,no bbref salary row
2002-03,NOH,Robert Pack,123,packr6,28,15.6,0,no bbref salary row
2003-04,CHI,Ronald Dupree,2648,dupreer,47,19.2,0,no bbref salary row
2003-04,CLE,Lee Nailon,1924,nailonl2,57,13.7,0,no bbref salary row
2003-04,LAC,Matt Barnes,2440,barnesm2,38,19.0,0,no bbref salary row
2003-04,NYK,DerMarr Johnson,2035,johnsond,21,13.5,0,no bbref salary row
2003-04,SEA,Flip Murray,2436,murrayf,82,24.7,0,no bbref salary row
2004-05,ATL,Obinna Ekezie,1918,ekezieo,42,17.4,0,no bbref salary row
2004-05,CHA,Cory Alexander,724,alexanderc7,16,12.4,0,no bbref salary row
2004-05,CHA,Matt Carroll,2679,carrollm,25,17.3,0,no bbref salary row
2004-05,HOU,Rod Strickland,393,stricklandr9,16,12.3,0,no bbref salary row
2004-05,MIA,Steven Smith,120,smiths9,50,14.9,0,no bbref salary row
2004-05,NJN,Billy Thomas,2873,thomasb,25,14.0,0,no bbref salary row
2004-05,SEA,Flip Murray,2436,murrayf2,49,17.9,0,no bbref salary row
2004-05,UTA,Ben Handlogten,1052,handlogtenb,21,14.0,0,no bbref salary row
2004-05,UTA,Randy Livingston,988,livingstonr3,17,13.5,0,no bbref salary row
2005-06,CLE,Flip Murray,2436,murrayf3,76,27.8,0,no bbref salary row
2005-06,TOR,Andre Barrett,2857,barretta2,19,14.9,0,no bbref salary row
2006-07,DET,Flip Murray,2436,murrayf4,69,21.4,0,no bbref salary row
2007-08,IND,Flip Murray,2436,murrayf5,42,20.8,0,no bbref salary row
2008-09,ATL,Flip Murray,2436,murrayf6,80,24.7,0,no bbref salary row
2008-09,TOR,Pops Mensah-Bonsu,200822,mensahbonsup,22,12.8,0,no bbref salary row
2009-10,CHI,Flip Murray,2436,murrayf7,75,22.3,0,no bbref salary row
2009-10,NYK,Henry Walker,201611,walkerh,35,22.0,0,no bbref salary row
2010-11,NYK,Henry Walker,201611,walkerh2,61,12.9,0,no bbref salary row
2010-11,WAS,Othyus Jeffers,201785,jefferso,17,19.0,0,no bbref salary row
2011-12,MEM,Lester Hudson,201991,hudsonl,16,20.9,0,no bbref salary row
2011-12,NYK,Henry Walker,201611,walkerh3,32,19.4,0,no bbref salary row
2011-12,ORL,Von Wafer,101144,waferv2,33,14.2,0,no bbref salary row
2011-12,SAS,Patty Mills,201988,millsp3,16,16.3,0,no bbref salary row
2011-12,UTA,Jamaal Tinsley,2224,tinsleyj10,37,13.7,0,no bbref salary row
2012-13,BKN,C.J. Watson,201228,watsonc4,80,19.0,0,no bbref salary row
2012-13,BOS,Shavlik Randolph,101183,randolphs2,16,12.4,0,no bbref salary row
2013-14,ATL,Cartier Martin,201858,martinc7,59,14.7,0,no bbref salary row
2013-14,ATL,Dennis Schröder,203471,schrderd,49,13.1,0,no bbref salary row
2013-14,BKN,Jorge Gutierrez,203268,gutierrezj,15,16.3,0,no bbref salary row
2013-14,LAL,Shawne Williams,200761,williamss19,36,20.9,0,no bbref salary row
2013-14,MEM,Jon Leuer,202720,leuerj,49,13.1,0,no bbref salary row
2013-14,MIN,Robbie Hummel,203133,hummelr2,53,12.4,0,no bbref salary row
2013-14,NOP,Alexis Ajinca,201582,ajincaa,56,17.0,0,no bbref salary row
2013-14,NOP,Luke Babbitt,202337,babbittl,27,17.5,0,no bbref salary row
2013-14,PHX,Ish Smith,202397,smithi,70,14.4,0,no bbref salary row
2013-14,PHX,Leandro Barbosa,2571,barbosal9,20,18.4,0,no bbref salary row
2013-14,WAS,Drew Gooden,2400,goodend12,22,18.0,0,no bbref salary row
2014-15,PHI,Brandon Davies,203561,daviesb2,27,15.7,0,no bbref salary row
2018-19,CLE,Jalen Jones,1627883,jonesj15,16,13.4,0,no bbref salary row
2022-23,ATL,Trent Forrest,1630235,forrestt2,23,12.0,0,no bbref salary row
2022-23,DAL,McKinley Wright IV,1630593,ivm,27,12.4,0,no bbref salary row
2022-23,MIA,Jamal Cain,1631288,cainj,18,13.3,0,no bbref salary row
2022-23,MIA,Orlando Robinson,1631115,robinsono,31,13.7,0,no bbref salary row
2022-23,NYK,Duane Washington Jr.,1630613,jrd17,31,12.7,0,no bbref salary row
2022-23,ORL,Kevon Harris,1630284,harrisk,34,13.4,0,no bbref salary row
2022-23,SAS,Dominick Barlow,1631230,barlowd,28,14.6,0,no bbref salary row
2022-23,SAS,Julian Champagnie,1630577,champagniej,17,18.8,0,no bbref salary row
2022-23,UTA,Johnny Juzang,1630548,juzangj,18,12.9,0,no bbref salary row
2023-24,ATL,Vít Krejčí,1630249,krejv2,22,24.6,0,no bbref salary row
2023-24,BKN,Jacob Gilyard,1631367,gilyardj,41,17.0,0,no bbref salary row
2023-24,CHA,Nathan Mensah,1641877,mensahn,25,12.3,0,no bbref salary row
2023-24,DET,Jared Rhoden,1631197,rhodenj,17,14.4,0,no bbref salary row
2023-24,DET,Jontay Porter,1629007,porterj,26,13.8,0,no bbref salary row
2023-24,MEM,Scotty Pippen Jr.,1630590,jrs,21,25.1,0,no bbref salary row
2023-24,PHX,Theo Maledon,1630177,maledont4,17,12.5,0,no bbref salary row
2023-24,SAC,Sasha Vezenkov,1628426,vezenkovs,42,12.2,0,no bbref salary row
2023-24,UTA,Johnny Juzang,1630548,juzangj2,20,18.6,0,no bbref salary row
2024-25,ATL,Keaton Wallace,1630811,wallacek,31,16.2,0,no bbref salary row
2024-25,BKN,Reece Beekman,1641736,beekmanr,36,13.0,0,no bbref salary row
2024-25,BKN,Tosan Evbuomwan,1641787,evbuomwant2,28,23.7,0,no bbref salary row
2024-25,CHA,Damion Baugh,1641878,baughd,15,24.7,0,no bbref salary row
2024-25,CHA,Isaiah Wong,1631209,wongi,20,13.3,0,no bbref salary row
2024-25,CHA,KJ Simpson,1642354,simpsonk,36,23.4,0,no bbref salary row
2024-25,DAL,Kessler Edwards,1630556,edwardsk5,40,15.2,0,no bbref salary row
2024-25,IND,Quenton Jackson,1631245,jacksonq,28,13.6,0,no bbref salary row
2024-25,NOP,Jamal Cain,1631288,cainj2,37,13.6,0,no bbref salary row
2024-25,ORL,Trevelin Queen,1630243,queent,31,13.9,0,no bbref salary row
2024-25,PHI,Alex Reese,1642024,reesea,15,14.4,0,no bbref salary row
2024-25,PHI,Jeff Dowtin Jr.,1630288,jrj10,41,15.1,0,no bbref salary row
2024-25,PHX,Collin Gillespie,1631221,gillespiec,33,14.0,0,no bbref salary row
2024-25,UTA,Micah Potter,1630695,potterm,38,18.6,0,no bbref salary row
2024-25,WAS,JT Thor,1630550,thorj3,20,12.5,0,no bbref salary row
2024-25,WAS,Jaylen Martin,1641798,martinj4,16,14.9,0,no bbref salary row
2024-25,WAS,Tristan Vukcevic,1641774,vukcevict,35,14.6,0,no bbref salary row
2025-26,ATL,RayJ Dennis,1642484,dennisr,17,12.1,0,no bbref salary row
2025-26,BKN,Chaney Johnson,1643052,johnsonc11,17,20.4,0,no bbref salary row
2025-26,BKN,Tyson Etienne,1630623,etiennet,24,15.8,0,no bbref salary row
2025-26,BOS,Hugo González,1642864,gonzlezh,74,14.6,0,no bbref salary row
2025-26,DAL,Moussa Cisse,1630619,cissem,38,13.9,0,no bbref salary row
2025-26,DEN,KJ Simpson,1642354,simpsonk2,20,12.9,0,no bbref salary row
2025-26,GSW,LJ Cryer,1643018,cryerl,18,16.2,0,no bbref salary row
2025-26,IND,Ethan Thompson,1630679,thompsone,32,20.4,0,no bbref salary row
2025-26,IND,Taelon Peter,1643007,petert,38,13.0,0,no bbref salary row
2025-26,MEM,Jahmai Mashack,1642942,mashackj,31,21.7,0,no bbref salary row
2025-26,MEM,Javon Small,1642914,smallj,41,20.2,0,no bbref salary row
2025-26,POR,Caleb Love,1631126,lovec,49,20.7,0,no bbref salary row
2025-26,SAC,Daeqwon Plowden,1631342,plowdend,32,26.4,0,no bbref salary row
2025-26,SAC,Dylan Cardwell,1642928,cardwelld,44,20.6,0,no bbref salary row
2025-26,UTA,Elijah Harkless,1641989,harklesse,26,21.0,0,no bbref salary row
2025-26,UTA,Oscar Tshiebwe,1631131,tshiebweo,27,16.6,0,no bbref salary row
2025-26,WAS,Leaky Black,1641778,blackl,15,28.9,0,no bbref salary row
2025-26,WAS,Sharife Cooper,1630536,coopers,41,17.1,0,no bbref salary row
